<?xml version="1.0" encoding="utf-8"?>
<feed xmlns="http://www.w3.org/2005/Atom"
    xmlns:rdf="http://www.w3.org/1999/02/22-rdf-syntax-ns#"
    xmlns:leap2="http://terms.leapspecs.org/"
    xmlns:categories="http://wiki.leapspecs.org/2A/categories/"
    xmlns:portfolio="https://eportfolio.u-pec.fr/export/leap/3611/1663853753/"
    xmlns:mahara="http://wiki.mahara.org/Developer_Area/Import%2F%2FExport/LEAP_Extensions#"
>
    <leap2:version>http://www.leapspecs.org/2010-07/2A/</leap2:version>
    <id>https://eportfolio.u-pec.fr/export/3611/1663853753</id>
    <title>Mahara Leap2A Export for Arthur PAILLOT, 22/09/2022 15:35</title>
    <updated>2022-09-22T15:03:53+02:00</updated>
    <generator uri="https://mahara.org/" version="2008122400">Mahara</generator>
    <author>
        <name>Arthur PAILLOT</name>
        <email>arthur1.paillot@etu.u-pec.fr</email>
        <uri>portfolio:artefactinternal</uri>
    </author>

    <entry>
        <title>Profile page</title>
        <id>portfolio:view30971</id>

        <updated>2022-09-22T15:03:35+02:00</updated>
        <published>2022-09-22T14:02:03+02:00</published>

        <summary type="xhtml"><div xmlns="http://www.w3.org/1999/xhtml"><div>Your profile page is what others see when they click on your name or profile picture.</div></div></summary>

   <subtitle type="xhtml"><div xmlns="http://www.w3.org/1999/xhtml"><div></div></div></subtitle>
        <content type="xhtml"><div xmlns="http://www.w3.org/1999/xhtml"><div><div id="user_block_133031"><div class="bt-image gridstackblock card card-secondary clearfix" id="user_blockinstance_133031">
    
        <div class="block-header d-none">
    
        <a class="commentlink" href="#" title="">
        
            
                <span class="icon icon-plus" title="Commentaires et les détails"></span>
                Ajouter un commentaire
                <span class="bh-margin-left icon icon-search-plus"></span>
                Détails
            
        
        </a>
    
</div>

    
    
    
        
    

    <div class="no-heading block" id="user_blockinstance_133031_target">
        
        
            <div class="imageblock card-body">
    <div class="image">
        
        <a class="modal_link" href="#">
            <img rel="leap2:has_part" href="portfolio:artefact87097" alt="34-344881_earth-network.jpg" title="34-344881_earth-network.jpg" />
        </a>
        
    </div>

    
</div>

        
    </div>
</div>
</div><div id="user_block_132794"><div class="bt-profileinfo gridstackblock card card-secondary card-regular clearfix" id="user_blockinstance_132794">
    
    
    
        <h2 class="title card-header js-heading">
            

            <span class="collapse-inline">
                About me
                
            </span>

            

        </h2>
    

    <div class="block" id="user_blockinstance_132794_target">
        
        
            
    
    <div class="card-body flush">
    
    
    
        <p>Hello,</p>
<p>I am Arthur Paillot, currently studying Networks and Telecom in Vitry-sur-Seine. I chose this sector because I like IT and above all to understand how the world around us works. Practice is the moment of consecration, which is why my objective after this diploma is to work as a technician in the field of the network.</p>
<p> </p>
<p>Bonjour,</p>
<p>Je suis Arthur Paillot, actuellement étudiant en Réseaux et Télécom à Vitry-sur-Seine. J'ai choisi cette filière car j'aime l'informatique et surtout comprendre comment fonctionne le monde qui nous entoure. La pratique est le moment de concécration c'est pourquoi  mon objectif après ce diplôme est de travailler comme technicien dans le domaine du réseau. </p>
    
    
        <ul class="unstyled profile-info">
        
            <li><strong>Prénom:</strong> Arthur</li>
        
            <li><strong>Nom:</strong> PAILLOT</li>
        
            <li><strong>Identifiant étudiant:</strong> u32204348</li>
        
            <li><strong>Nom préféré:</strong> Arthur Paillot</li>
        
            <li><strong>Adresse de courriel:</strong> <a href="mailto:arthur1.paillot@etu.u-pec.fr">arthur1.paillot@etu.u-pec.fr</a></li>
        
            <li><strong>Ville:</strong> Bry-sur-Marne</li>
        
            <li><strong>Téléphone mobile:</strong> 0665297104</li>
        
        </ul>
    
    
    
    
    </div>
    


        
    </div>
</div>
</div><div id="user_block_133054"><div class="bt-text gridstackblock card card-secondary clearfix" id="user_blockinstance_133054">
    
    
        <div class="block-header quick-edit d-none">
    <a class="modal_link list-group-heading" href="#" title="Édition rapide">
        <span class="icon icon-pencil-alt" title="Édition rapide"></span>
        Édition rapide
    </a>
</div>

    
    
        <h2 class="title card-header js-heading">
            

            <span class="collapse-inline">
                Diplômes et Certifications
                
            </span>

            

        </h2>
    

    <div class="block" id="user_blockinstance_133054_target">
        
        
            

<div class="textblock card-body flush">
<p>-Certification Pix</p>
<p>-Baccalauréat Général, Spécialités: mathématiques Physique-Chimie, Mention:  assez bien</p>
</div>


        
    </div>
</div>
</div></div></div></content>
        <rdf:type rdf:resource="leap2:selection"/>

        <link rel="leap2:has_part" href="portfolio:artefact86792"/>
        <link rel="leap2:has_part" href="portfolio:artefact86793"/>
        <link rel="leap2:has_part" href="portfolio:artefact86794"/>
        <link rel="leap2:has_part" href="portfolio:artefact86795"/>
        <link rel="leap2:has_part" href="portfolio:artefact86944"/>
        <link rel="leap2:has_part" href="portfolio:artefact86947"/>
        <link rel="leap2:has_part" href="portfolio:artefact87097"/>


        <category term="Webpage" scheme="categories:selection_type#"/>





        <mahara:view mahara:newlayout="1" mahara:type="profile" mahara:ownerformat="6">
        
            
            <mahara:blockinstance mahara:blocktype="image" mahara:blocktitle="" mahara:positionx="0" mahara:positiony="0" mahara:height="34" mahara:width="5">
                
                    
                    <mahara:artefactid>[&quot;portfolio:artefact87097&quot;]</mahara:artefactid>
                    
                
                    
                    <mahara:showdescription>[false]</mahara:showdescription>
                    
                
                    
                    <mahara:width>[&quot;600&quot;]</mahara:width>
                    
                
                    
                    <mahara:retractable>[0]</mahara:retractable>
                    
                
                    
                    <mahara:retractedonload>[0]</mahara:retractedonload>
                    
                
                
                
            </mahara:blockinstance>
            
            <mahara:blockinstance mahara:blocktype="profileinfo" mahara:blocktitle="About me" mahara:positionx="5" mahara:positiony="0" mahara:height="25" mahara:width="6">
                
                    
                    <mahara:fields>[[&quot;firstname&quot;,&quot;lastname&quot;,&quot;studentid&quot;,&quot;preferredname&quot;,&quot;town&quot;,&quot;mobilenumber&quot;]]</mahara:fields>
                    
                
                    
                    <mahara:email>[&quot;arthur1.paillot@etu.u-pec.fr&quot;]</mahara:email>
                    
                
                    
                    <mahara:introtext>[&quot;&lt;p&gt;Hello,&lt;\/p&gt;\r\n&lt;p&gt;I am Arthur Paillot, currently studying Networks and Telecom in Vitry-sur-Seine. I chose this sector because I like IT and above all to understand how the world around us works. Practice is the moment of consecration, which is why my objective after this diploma is to work as a technician in the field of the network.&lt;\/p&gt;\r\n&lt;p&gt;&amp;nbsp;&lt;\/p&gt;\r\n&lt;p&gt;Bonjour,&lt;\/p&gt;\r\n&lt;p&gt;Je suis Arthur Paillot, actuellement &amp;eacute;tudiant en R&amp;eacute;seaux et T&amp;eacute;l&amp;eacute;com &amp;agrave; Vitry-sur-Seine. J&#039;ai choisi cette fili&amp;egrave;re car j&#039;aime l&#039;informatique et surtout comprendre comment fonctionne le monde qui nous entoure. La pratique est le moment de conc&amp;eacute;cration c&#039;est pourquoi &amp;nbsp;mon objectif apr&amp;egrave;s ce dipl&amp;ocirc;me est de travailler comme technicien dans le domaine du r&amp;eacute;seau.&amp;nbsp;&lt;\/p&gt;&quot;]</mahara:introtext>
                    
                
                
                
            </mahara:blockinstance>
            
            <mahara:blockinstance mahara:blocktype="text" mahara:blocktitle="Diplômes et Certifications" mahara:positionx="5" mahara:positiony="25" mahara:height="7" mahara:width="4">
                
                    
                    <mahara:text>[&quot;&lt;p&gt;-Certification Pix&lt;\/p&gt;\r\n&lt;p&gt;-Baccalaur&amp;eacute;at G&amp;eacute;n&amp;eacute;ral, Sp&amp;eacute;cialit&amp;eacute;s: math&amp;eacute;matiques Physique-Chimie, Mention:&amp;nbsp; assez bien&lt;\/p&gt;&quot;]</mahara:text>
                    
                
                    
                    <mahara:instructions></mahara:instructions>
                    
                
                
                
            </mahara:blockinstance>
            
        
        </mahara:view>
    </entry>

    <entry>
        <title>Dashboard page</title>
        <id>portfolio:view30972</id>

        <updated>2022-09-22T14:02:03+02:00</updated>
        <published>2022-09-22T14:02:03+02:00</published>

        <summary type="xhtml"><div xmlns="http://www.w3.org/1999/xhtml"><div></div></div></summary>

   <subtitle type="xhtml"><div xmlns="http://www.w3.org/1999/xhtml"><div></div></div></subtitle>
        <content type="xhtml"><div xmlns="http://www.w3.org/1999/xhtml"><div><div id="user_block_132802"><div class="bt-newviews gridstackblock card card-secondary clearfix" id="user_blockinstance_132802">
    
    
    
        <h2 class="title card-header js-heading">
            

            <span class="collapse-inline">
                Portfolios partagés avec moi
                
            </span>

            

        </h2>
    

    <div class="block" id="user_blockinstance_132802_target">
        
        
            
<div class="card-body">
    <p class="lead text-small">Aucunes pages ni collections</p>
</div>


        
    </div>
</div>
</div><div id="user_block_132800"><div class="bt-inbox gridstackblock card card-secondary clearfix" id="user_blockinstance_132800">
    
    
    
        <h2 class="title card-header js-heading">
            

            <span class="collapse-inline">
                Boîte de réception
                
            </span>

            

        </h2>
    

    <div class="block" id="user_blockinstance_132800_target">
        
        
            
    <div id="user_inboxblock" class="inboxblock list-group">
        
        <div class="collapsible list-group-item flush-collapsible">
            
                <h3 class="title list-group-item-heading"><a class="collapsed link-block" href="#message_content_maharamessage_53397">
                    
                        <span class="icon icon-wrench text-default left"></span>
                    
                    <span class="sr-only">Messages système</span>
                    <span class="subject">Nouvelle demande d'ajout à la iste des contacts</span>
                    <span class="icon icon-chevron-down collapse-indicator float-right"></span>
                </a></h3>
            
            <div class="collapse" id="user_message_content_maharamessage_53397">
                
                    <p class="content-text">Hassan Boulouz vous demande de l'ajouter à votre liste de contacts. Vous pouvez accepter cette demande soit en cliquant sur le lien ci-dessous, soit en allant sur la page contenant la liste de vos contacts. La raison qui est accompagne cette demande est :<br />
    Veux-tu être mon ami ? </p>
                    
                        <a href="user/view.php?id=3623" class="text-small">
                            Demandes d'affiliation <span class="icon icon-arrow-right mls icon-sm"></span>
                        </a>
                    
                    
                
            </div>
        </div>
        
        <div class="collapsible list-group-item flush-collapsible">
            
                <h3 class="title list-group-item-heading"><a class="collapsed link-block" href="#message_content_maharamessage_53383">
                    
                        <span class="icon icon-wrench text-default left"></span>
                    
                    <span class="sr-only">Messages système</span>
                    <span class="subject">Nouvelle demande d'ajout à la iste des contacts</span>
                    <span class="icon icon-chevron-down collapse-indicator float-right"></span>
                </a></h3>
            
            <div class="collapse" id="user_message_content_maharamessage_53383">
                
                    <p class="content-text">Shems SEDDOUGUI vous demande de l'ajouter à votre liste de contacts. Vous pouvez accepter cette demande soit en cliquant sur le lien ci-dessous, soit en allant sur la page contenant la liste de vos contacts. La raison qui est accompagne cette demande est :<br />
    .</p>
                    
                        <a href="user/view.php?id=3610" class="text-small">
                            Demandes d'affiliation <span class="icon icon-arrow-right mls icon-sm"></span>
                        </a>
                    
                    
                
            </div>
        </div>
        
        <div class="collapsible list-group-item flush-collapsible">
            
                <h3 class="title list-group-item-heading"><a class="collapsed link-block" href="#message_content_maharamessage_53334">
                    
                        <span class="icon icon-wrench text-default left"></span>
                    
                    <span class="sr-only">Messages système</span>
                    <span class="subject">Confirmation d'affiliation à une institution</span>
                    <span class="icon icon-chevron-down collapse-indicator float-right"></span>
                </a></h3>
            
            <div class="collapse" id="user_message_content_maharamessage_53334">
                
                    <p class="content-text">Vous êtes maintenant membre de UPEC.</p>
                    
                    
                
            </div>
        </div>
        
    </div>
    
    


        
    </div>
</div>
</div><div id="user_block_132801"><div class="bt-myviews gridstackblock card card-secondary clearfix" id="user_blockinstance_132801">
    
    
    
        <h2 class="title card-header js-heading">
            

            <span class="collapse-inline">
                Mes portfolios
                
            </span>

            

        </h2>
    

    <div class="block" id="user_blockinstance_132801_target">
        
        
            
    <div class="list-group">
        <div id="user_myviewlist">
            

        </div>
    
    
    </div>


        
    </div>
</div>
</div><div id="user_block_132799"><div class="bt-inbox gridstackblock card card-secondary clearfix" id="user_blockinstance_132799">
    
    
    
        <h2 class="title card-header js-heading">
            

            <span class="collapse-inline">
                Sujets que je suis
                
            </span>

            

        </h2>
    

    <div class="block" id="user_blockinstance_132799_target">
        
        
            
    <div class="card-body">
        <p class="lead text-small">Pas de messages</p>
    </div>


        
    </div>
</div>
</div></div></div></content>
        <rdf:type rdf:resource="leap2:selection"/>



        <category term="Webpage" scheme="categories:selection_type#"/>





        <mahara:view mahara:newlayout="1" mahara:type="dashboard" mahara:ownerformat="6">
        
            
            <mahara:blockinstance mahara:blocktype="newviews" mahara:blocktitle="" mahara:positionx="0" mahara:positiony="0" mahara:height="1" mahara:width="6">
                
                    
                    <mahara:limit>[5]</mahara:limit>
                    
                
                    
                    <mahara:user>[1]</mahara:user>
                    
                
                    
                    <mahara:friend>[1]</mahara:friend>
                    
                
                    
                    <mahara:group>[1]</mahara:group>
                    
                
                
                
            </mahara:blockinstance>
            
            <mahara:blockinstance mahara:blocktype="inbox" mahara:blocktitle="" mahara:positionx="6" mahara:positiony="0" mahara:height="1" mahara:width="6">
                
                    
                    <mahara:feedback>[true]</mahara:feedback>
                    
                
                    
                    <mahara:groupmessage>[true]</mahara:groupmessage>
                    
                
                    
                    <mahara:institutionmessage>[true]</mahara:institutionmessage>
                    
                
                    
                    <mahara:maharamessage>[true]</mahara:maharamessage>
                    
                
                    
                    <mahara:usermessage>[true]</mahara:usermessage>
                    
                
                    
                    <mahara:viewaccess>[true]</mahara:viewaccess>
                    
                
                    
                    <mahara:watchlist>[true]</mahara:watchlist>
                    
                
                    
                    <mahara:maxitems>[&quot;5&quot;]</mahara:maxitems>
                    
                
                    
                    <mahara:wallpost>[true]</mahara:wallpost>
                    
                
                
                
            </mahara:blockinstance>
            
            <mahara:blockinstance mahara:blocktype="myviews" mahara:blocktitle="" mahara:positionx="0" mahara:positiony="1" mahara:height="1" mahara:width="6">
                
                
                
            </mahara:blockinstance>
            
            <mahara:blockinstance mahara:blocktype="inbox" mahara:blocktitle="" mahara:positionx="6" mahara:positiony="1" mahara:height="1" mahara:width="6">
                
                    
                    <mahara:newpost>[true]</mahara:newpost>
                    
                
                    
                    <mahara:maxitems>[&quot;5&quot;]</mahara:maxitems>
                    
                
                
                
            </mahara:blockinstance>
            
        
        </mahara:view>
    </entry>

    <entry>
        <title>Journal de Arthur Paillot</title>
        <id>portfolio:artefact86796</id>

        <updated>2022-09-22T14:02:03+02:00</updated>
        <published>2022-09-22T14:02:03+02:00</published>




        <content type="xhtml"><div xmlns="http://www.w3.org/1999/xhtml"><div></div></div></content>
        <rdf:type rdf:resource="leap2:selection"/>
        <mahara:artefactplugin mahara:type="blog" mahara:plugin="blog"/>


        <category term="Blog" scheme="categories:selection_type#"/>




    </entry>


    <entry>
        <title>images</title>
        <id>portfolio:artefact87060</id>

        <updated>2022-09-22T14:02:15+02:00</updated>
        <published>2022-09-22T14:02:15+02:00</published>




        <content>Fichiers Image</content>
        <rdf:type rdf:resource="leap2:selection"/>
        <mahara:artefactplugin mahara:type="folder" mahara:plugin="file"/>
        <link rel="leap2:has_part" href="portfolio:artefact87061"/>


        <category term="Folder" scheme="categories:selection_type#"/>




    </entry>


    <entry>
        <title>Moi</title>
        <id>portfolio:artefact87061</id>

        <updated>2022-09-22T14:02:15+02:00</updated>
        <published>2022-09-22T14:02:15+02:00</published>

        <summary type="">Télécharger une image pour le profil</summary>


        <content type="xhtml"><div xmlns="http://www.w3.org/1999/xhtml"><div></div></div></content>
        <rdf:type rdf:resource="leap2:resource"/>
        <mahara:artefactplugin mahara:type="profileicon" mahara:plugin="file"/>
        <link rel="enclosure" type="image/jpeg" href="export_info/files/87061-Moi"/>
        <link rel="leap2:is_part_of" href="portfolio:artefact87060"/>
        <link rel="related" href="portfolio:artefactinternal"/>


        <category term="Offline" scheme="categories:resource_type#" label="File"/>




    </entry>


    <entry>
        <title>34-344881_earth-network.jpg</title>
        <id>portfolio:artefact87097</id>

        <updated>2022-09-22T15:03:43+02:00</updated>
        <published>2022-09-22T15:03:43+02:00</published>




        <content type="xhtml"><div xmlns="http://www.w3.org/1999/xhtml"><div></div></div></content>
        <rdf:type rdf:resource="leap2:resource"/>
        <mahara:artefactplugin mahara:type="image" mahara:plugin="file"/>
        <link rel="enclosure" type="image/jpeg" href="export_info/files/87097-34-344881_earth-network.jpg"/>
        <link rel="leap2:is_part_of" href="portfolio:view30971"/>


        <category term="Offline" scheme="categories:resource_type#" label="File"/>




    </entry>


    <entry>
        <title>Arthur Paillot</title>
        <id>portfolio:artefactinternal</id>

        <updated>2022-09-22T14:02:11+02:00</updated>





        <content type="html">&lt;p&gt;Bonjour&lt;/p&gt;</content>
        <rdf:type rdf:resource="leap2:person"/>
        <mahara:artefactplugin mahara:type="internal" mahara:plugin="internal"/>
        <link rel="related" href="portfolio:artefact87061"/>


        <category term="Self" scheme="categories:person_type#"/>






        <leap2:persondata
            mahara:artefactplugin="internal"
            mahara:artefacttype="email"

            leap2:field="email"

            leap2:label="Adresse de courriel"

        >arthur1.paillot@etu.u-pec.fr</leap2:persondata>

        <leap2:persondata
            mahara:artefactplugin="internal"
            mahara:artefacttype="email"

            leap2:field="email"

            leap2:label="Adresse de courriel"

        >a.paillot13@gmail.com</leap2:persondata>

        <leap2:persondata
            mahara:artefactplugin="internal"
            mahara:artefacttype="firstname"

            leap2:field="legal_given_name"

            leap2:label="Prénom"

        >Arthur</leap2:persondata>

        <leap2:persondata
            mahara:artefactplugin="internal"
            mahara:artefacttype="lastname"

            leap2:field="legal_family_name"

            leap2:label="Nom"

        >PAILLOT</leap2:persondata>

        <leap2:persondata
            mahara:artefactplugin="internal"
            mahara:artefacttype="mobilenumber"

            leap2:field="mobile"

            leap2:label="Téléphone mobile"

        >0665297104</leap2:persondata>

        <leap2:persondata
            mahara:artefactplugin="internal"
            mahara:artefacttype="preferredname"

            leap2:field="preferred_given_name"

            leap2:label="Nom préféré"

        >Arthur Paillot</leap2:persondata>

        <leap2:persondata
            mahara:artefactplugin="internal"
            mahara:artefacttype="studentid"

            leap2:field="other"

            leap2:label="Identifiant étudiant"

        >u32204348</leap2:persondata>


        <leap2:spatial>

            <leap2:addressline mahara:artefacttype="address">30bis Rue Jean Grandel</leap2:addressline>

            <leap2:addressline mahara:artefacttype="city">Val de Marne</leap2:addressline>

            <leap2:country mahara:artefacttype="country" leap2:countrycode="fra">France</leap2:country>

            <leap2:addressline mahara:artefacttype="town">Bry-sur-Marne</leap2:addressline>

        </leap2:spatial>

    </entry>

</feed>
